username,password,channel,file
gonzalotejedor@telebot.com,Atica1965,Fresh Combo mails,Spn.txt
alfredoestirado@telebot.com,Javier123,Group private,234K.txt
danielmolina@telebot.com,Z3Eu&CCN,Databases Worldüî∞,234K.txt
carlosdiaz@telebot.com,tVIH7uYuBQT@,OPENBULLET,665K.txt
nurialopez@telebot.com,Cambio_00,Group private,USA.txt
yolandagarcia@telebot.com,5}NRGSUPkTGG,URL:USER:PASS CLOUD,665K.txt
carlosdiaz@telebot.com,xhjW08N\1,‚ö°Ô∏è NinjaByte ‚ö°Ô∏è,Spain.txt
nurialopez@telebot.com,Juanito2015,NoName_Cloud,234K.txt
luciaruiz@telebot.com,PFgL06`W,Fr33 D4t4,France.txt
carlosdiaz@telebot.com,Telebot2021+,Databases Worldüî∞,SP.txt
martaromero@telebot.com,agiraldo123,‚ö°Ô∏è NinjaByte ‚ö°Ô∏è,234K.txt
luciaruiz@telebot.com,Cambio_00,Fr33 D4t4,900K.txt
luciaruiz@telebot.com,Cambio,HQ COMBO | FRESH BASES | VALID COMBO LIST,900K.txt
martaramos@telebot.com,?V3e,Fr33 D4t4,Spn.txt
ramonfuentes@telebot.com,aposentos,Cracked Group,Spain.txt
luciaruiz@telebot.com,Cambio,GODELESS CLOUD,USA.txt
nurialopez@telebot.com,Telebot2024+,Databases Worldüî∞,900K.txt
alfredoestirado@telebot.com,Jv?kw7n4p,Group public,France.txt
luciaruiz@telebot.com,D7=p,NoName_Cloud,900K.txt
luciaruiz@telebot.com,Az12345,RED CLOUD | Private Mail Access,UPL.txt
